Industry,Constituents,1D net value,5D net value,20D net value,Foreign 1D value,Trust 1D value,Dealer 1D value,Foreign 5D value,Trust 5D value,Dealer 5D value,Foreign 20D value,Trust 20D value,Dealer 20D value,Market cap proxy,1D return,5D return,20D return,1D positive breadth,5D positive breadth,20D positive breadth,1D flow intensity,5D flow intensity,20D flow intensity,Trust 1D intensity,Trust 5D intensity,Trust 20D intensity,Positive flow breadth,Flow score,Stage,Leading stocks,Dominant investor,Dominant flow value,Flow acceleration,Top 3 concentration,Research action,Flow reason,Signal date
塑膠工業,25,-940490923.3244314,19675278242.17447,21013278775.902847,-2056137650.59589,1405671182.5338745,-290024455.2624159,15007865671.577112,3706685120.186451,960727450.4109068,6653624188.159719,12621594364.093452,1738060223.6496754,3604423190208.081,0.010920441028154669,0.0436681164383095,0.0557037999095674,0.6,0.68,0.76,-0.00026092688724215467,0.005458648223001425,0.005829858944695604,0.00038998505679149347,0.00102837123294961,0.0035016960268099973,0.76,89.02439024390246,資金累積＋價格確認,1301.TW、1326.TW、1310.TW,投信,12621594364.093452,14421958548.198757,0.9093302777329046,優先研究領先股，分批而非追價,投信主導淨流入（20日 +126.2億）；近5日相較20日均速加速；流入廣度 76%；前三大帶動標的占絕對流量 91%；價格已確認（20日 +5.6%）。主要標的：1301.TW、1326.TW、1310.TW。,2026-10-08
電器電纜,17,-409596165.00850487,1422828521.9574451,2104075612.109643,-383192766.002676,-39099.998474121094,-26364299.007354736,1295372810.8515263,98365280.5585289,29090430.547389984,1838503417.4052773,234905824.83909988,30666369.865265846,313133427585.36,1.3042690036148192e-05,0.004643946515127392,0.04299700334595636,0.23529411764705882,0.47058823529411764,0.7058823529411765,-0.0013080563393279027,0.004543841048620026,0.006719421903738058,-1.2486689388491574e-07,0.0003141321618616223,0.0007501780523737431,0.7058823529411765,85.85365853658537,資金累積＋價格確認,1605.TW、2061.TWO、1609.TW,外資,1838503417.4052773,896809618.9300344,0.8882147156239646,優先研究領先股，分批而非追價,外資主導淨流入（20日 +18.4億）；近5日相較20日均速加速；流入廣度 71%；前三大帶動標的占絕對流量 89%；價格已確認（20日 +4.3%）。主要標的：1605.TW、2061.TWO、1609.TW。,2026-10-08
文化創意業,23,205652021.382576,812409133.668416,9380315862.772442,205568208.87225342,-3152000.0,3235812.510322571,946253743.8544254,-42878000.0,-90966610.1860094,8234939185.411862,1062514000.0,82862677.36057854,292412179372.20886,-0.003201138641169279,-0.019082964856274146,-0.013720668021931203,0.6086956521739131,0.6956521739130435,0.6521739130434783,0.0007032949921036064,0.0027783012848938402,0.03207908741322406,-1.0779304770297708e-05,-0.00014663547904213996,0.003633617458346478,0.6521739130434783,85.85365853658536,資金累積、價格未確認,3293.TWO、6596.TWO、3546.TWO,外資,8234939185.411862,-1532669832.0246944,0.993043986350252,等待價格轉強與流入廣度擴大,外資主導淨流入（20日 +82.3億）；近5日相較20日均速減速；流入廣度 65%；前三大帶動標的占絕對流量 99%；價格尚未確認（20日 -1.4%）。主要標的：3293.TWO、6596.TWO、3546.TWO。,2026-10-08
電子零組件,210,-1131608726.3426971,80046924619.09329,58404952350.80505,441819737.11192894,-1336598655.793644,-236829807.66098213,56401027107.04195,19982229542.27914,3663667969.7722025,26866652068.416058,17406179998.93712,14132120283.451872,19863536019904.227,0.002122148439640945,0.035855355535295584,0.0905230153425647,0.5190476190476191,0.5523809523809524,0.5619047619047619,-5.6969148152109995e-05,0.004029842649308884,0.0029403099373787457,-6.728905943303888e-05,0.001005975447788147,0.000876288087956509,0.5619047619047619,82.6829268292683,資金累積＋價格確認,6672.TW、6213.TW、8046.TW,外資,26866652068.416058,65445686531.39203,0.4554882119765324,優先研究領先股，分批而非追價,外資主導淨流入（20日 +268.7億）；近5日相較20日均速加速；流入廣度 56%；前三大帶動標的占絕對流量 46%；價格已確認（20日 +9.1%）。主要標的：6672.TW、6213.TW、8046.TW。,2026-10-08
玻璃陶瓷,5,-577127554.9350147,1912304427.4439402,1529429945.7526264,-459123347.66321945,7731900.184631348,-125736107.45642662,1539307353.907443,11136000.15258789,361861073.3839092,1029915191.3537083,25799545.680088043,473715208.7188301,206465271366.29666,-0.011000588287489777,0.009535475346887323,0.04269856610784788,0.6,0.8,0.6,-0.002795276663798408,0.00926211180596692,0.007407686220697212,3.744891396729833e-05,5.393643240286719e-05,0.00012495828237532618,0.6,82.4390243902439,資金累積＋價格確認,1802.TW、1810.TW、1806.TW,外資,1029915191.3537083,1529946941.0057836,0.9986708859811512,優先研究領先股，分批而非追價,外資主導淨流入（20日 +10.3億）；近5日相較20日均速加速；流入廣度 60%；前三大帶動標的占絕對流量 100%；價格已確認（20日 +4.3%）。主要標的：1802.TW、1810.TW、1806.TW。,2026-10-08
油電燃氣,12,18509332.976371765,1340057069.8408089,3748304094.8304625,-1597813413.2387543,1639331479.5,-23008733.284873962,-1118646625.4839478,2426850548.5183105,31853146.806446075,-2541582324.3383904,6213531395.89283,76355023.27602291,1192183937953.769,0.004237733552749701,0.01078023989283656,0.03303085363995983,0.75,0.6666666666666666,0.75,1.5525568150281126e-05,0.0011240355008815546,0.0031440652532728685,0.0013750658999094573,0.0020356343272697405,0.005211889875447878,0.75,81.70731707317074,資金累積＋價格確認,6505.TW、8926.TW、9926.TW,投信,6213531395.89283,402981046.13319325,0.9976873100890018,優先研究領先股，分批而非追價,投信主導淨流入（20日 +62.1億）；近5日相較20日均速加速；流入廣度 75%；前三大帶動標的占絕對流量 100%；價格已確認（20日 +3.3%）。主要標的：6505.TW、8926.TW、9926.TW。,2026-10-08
主動式 ETF,34,-4050585702.290489,15270868173.041252,41805771493.73038,-620540581.7293215,-56540400.161743164,-3373504720.3994246,15097117882.099714,-263531985.332489,437282276.2740259,38749140590.43687,-782139657.6824188,3838770560.97593,994072166771.1067,-0.0013429030117664048,0.030963067667618523,0.07039628440647994,0.5,0.6470588235294118,0.6764705882352942,-0.00407474008194736,0.015361931138906432,0.042055066916843374,-5.687756085696951e-05,-0.0002651034745178309,-0.0007868036987927386,0.6764705882352942,80.48780487804879,資金累積＋價格確認,00405A.TW、00403A.TW、00402A.TW,外資,38749140590.43687,4819425299.608658,0.5994524252368718,優先研究領先股，分批而非追價,外資主導淨流入（20日 +387.5億）；近5日相較20日均速加速；流入廣度 68%；前三大帶動標的占絕對流量 60%；價格已確認（20日 +7.0%）。主要標的：00405A.TW、00403A.TW、00402A.TW。,2026-10-08
電機機械,100,-1792197654.2070808,1981607984.062317,3471598896.524553,-1741482320.5562382,6488921.563613892,-57204255.21445656,2197849546.4546785,-634241245.49193,417999683.09956837,-896505823.9419842,4110831729.2146797,257272991.25185728,2034026161894.3687,-0.0008878299619768626,-0.0062927605099776,0.01681618085856218,0.44,0.56,0.52,-0.000881108457591291,0.0009742293492512247,0.00170676216538499,3.1901858910066837e-06,-0.00031181567738599594,0.002021031885541777,0.52,73.17073170731707,資金累積＋價格確認,6122.TWO、1560.TW、8996.TW,投信,4110831729.2146797,1113708259.9311786,0.5854081253774035,優先研究領先股，分批而非追價,投信主導淨流入（20日 +41.1億）；近5日相較20日均速加速；流入廣度 52%；前三大帶動標的占絕對流量 59%；價格已確認（20日 +1.7%）。主要標的：6122.TWO、1560.TW、8996.TW。,2026-10-08
槓桿／反向 ETF,34,-4485716982.83106,266465653.7008648,7256242477.968805,-586083278.955122,0.0,-3899633703.8759384,-1354745620.3129601,376128757.4005127,1245082516.6133122,-2106722236.897067,376128757.4005127,8986835957.465359,503276021838.7217,0.0,0.0051405550828358204,0.005119167224024694,0.4117647058823529,0.6176470588235294,0.7647058823529411,-0.008913035368628272,0.0005294622476297024,0.014418017475694718,0.0,0.0007473607743645808,0.0007473607743645808,0.7647058823529411,73.17073170731706,資金累積＋價格確認,00631L.TW、00715L.TW、00663L.TW,自營商,8986835957.465359,-1547594965.7913365,0.6479950782866103,優先研究領先股，分批而非追價,自營商主導淨流入（20日 +89.9億）；近5日相較20日均速減速；流入廣度 76%；前三大帶動標的占絕對流量 65%；價格已確認（20日 +0.5%）。主要標的：00631L.TW、00715L.TW、00663L.TW。,2026-10-08
水泥工業,7,533549948.6932144,318252559.77355194,2377157671.7315197,529538300.06866074,-3083299.8847961426,7094948.509349823,190578214.69049454,87494677.12238312,40179667.960674286,1995500722.7344398,224738369.16048813,156918579.83659172,368897281787.5416,0.0012999517465379004,-0.000296873019052584,-0.013925532515471508,0.7142857142857143,0.2857142857142857,0.2857142857142857,0.0014463374360142369,0.0008627132144520452,0.006443955510359634,-8.358152897889615e-06,0.00023717896943673816,0.0006092166580124635,0.2857142857142857,71.46341463414635,資金累積、價格未確認,1102.TW、1101.TW、1108.TW,外資,1995500722.7344398,-276036858.159328,0.9909735536264727,等待價格轉強與流入廣度擴大,外資主導淨流入（20日 +20.0億）；近5日相較20日均速減速；流入廣度 29%；前三大帶動標的占絕對流量 99%；價格尚未確認（20日 -1.4%）。主要標的：1102.TW、1101.TW、1108.TW。,2026-10-08
電子通路業,37,37860087.99517441,838272442.7175064,1198395866.0506115,-144006043.52884293,90114599.7390747,91751531.78494263,538458472.444684,120333259.14937973,179480711.12344265,-685881770.3697929,1477047232.5600739,407230403.8603306,1070950071778.7142,-0.0001227651444157728,-0.007365247313828221,0.02045411177950202,0.5945945945945946,0.6486486486486487,0.6756756756756757,3.535187026253571e-05,0.000782737183373302,0.0011190025544890489,8.414453867994576e-05,0.00011236122235793983,0.0013791933643618726,0.6756756756756757,67.80487804878048,資金累積＋價格確認,3702.TW、2347.TW、6227.TWO,投信,1477047232.5600739,538673476.2048535,0.6763877662599478,優先研究領先股，分批而非追價,投信主導淨流入（20日 +14.8億）；近5日相較20日均速加速；流入廣度 68%；前三大帶動標的占絕對流量 68%；價格已確認（20日 +2.0%）。主要標的：3702.TW、2347.TW、6227.TWO。,2026-10-08
航運業,34,-30373660.17834854,249625974.8236904,9401536926.124933,-85594294.90177917,-27044262.112960815,82264896.83639145,509365047.554369,-431639227.0914078,171900154.36072922,2632515247.487237,6049288441.151209,719733237.4864874,2076546551498.3413,0.00132908004322087,0.0006838017077024916,-0.011183240898100747,0.5588235294117647,0.4411764705882353,0.5,-1.4627006631001021e-05,0.00012021207742420785,0.004527486715547606,-1.3023672449551834e-05,-0.00020786397819011406,0.0029131484852994594,0.5,66.82926829268293,資金累積、價格未確認,2637.TW、2606.TW、2617.TW,投信,6049288441.151209,-2100758256.707543,0.6966825059921882,等待價格轉強與流入廣度擴大,投信主導淨流入（20日 +60.5億）；近5日相較20日均速減速；流入廣度 50%；前三大帶動標的占絕對流量 70%；價格尚未確認（20日 -1.1%）。主要標的：2637.TW、2606.TW、2617.TW。,2026-10-08
金融保險,40,-2854728559.5512104,6149284608.460154,16610004852.241547,-4710375160.482154,1337060737.9223661,518585863.00857735,1306316779.855052,3094275231.520293,1748692597.0848083,-7970085909.8442745,19326481456.669678,5253609305.416142,13128628999632.268,-0.004383283668633942,0.011094398466864308,0.005104658365099437,0.425,0.55,0.525,-0.00021744300639702524,0.000468387415672451,0.001265174364566688,0.00010184313517883833,0.00023568913643663507,0.0014720868003209636,0.525,63.41463414634147,資金累積＋價格確認,2855.TW、2851.TW、6026.TWO,投信,19326481456.669678,1996783395.399767,0.4337371980266012,優先研究領先股，分批而非追價,投信主導淨流入（20日 +193.3億）；近5日相較20日均速加速；流入廣度 52%；前三大帶動標的占絕對流量 43%；價格已確認（20日 +0.5%）。主要標的：2855.TW、2851.TW、6026.TWO。,2026-10-08
鋼鐵工業,47,445092765.50214005,525462009.4750557,560065933.7282195,286547282.3972168,144766750.01049042,13778733.09443283,507178052.8458538,-39661891.602378845,57945848.231580734,184094173.40801668,303879766.89969444,72091993.42050838,892600046552.0868,-0.0014757806140010838,0.0034964370892710964,0.06934451774143532,0.5106382978723404,0.574468085106383,0.46808510638297873,0.0004986474818385158,0.000588686961763891,0.0006274545199629198,0.00016218546096842792,-4.443411330257467e-05,0.0003404433688677405,0.46808510638297873,63.414634146341456,資金累積＋價格確認,2030.TW、2033.TW、2034.TW,投信,303879766.89969444,385445526.0430008,0.5996991332593553,優先研究領先股，分批而非追價,投信主導淨流入（20日 +3.0億）；近5日相較20日均速加速；流入廣度 47%；前三大帶動標的占絕對流量 60%；價格已確認（20日 +6.9%）。主要標的：2030.TW、2033.TW、2034.TW。,2026-10-08
紡織纖維,52,704748631.4012566,2458097322.1616564,806100105.6189275,633771681.3134918,60749174.4413147,10227775.646450043,2372651996.968071,75647472.72803497,9797852.465550423,1086860407.83884,-192160952.80659294,-88599349.41331959,525123116673.7943,0.001605327434431709,0.009175044433841734,0.0011737820451034908,0.5576923076923077,0.4423076923076923,0.5192307692307693,0.001342063620937574,0.004680992407516927,0.001535068786773056,0.00011568558403238605,0.0001440566418161078,-0.0003659350478108223,0.5192307692307693,61.70731707317073,資金累積＋價格確認,1477.TW、1449.TW、1455.TW,外資,1086860407.83884,2256572295.7569246,0.6618304092202522,優先研究領先股，分批而非追價,外資主導淨流入（20日 +10.9億）；近5日相較20日均速加速；流入廣度 52%；前三大帶動標的占絕對流量 66%；價格已確認（20日 +0.1%）。主要標的：1477.TW、1449.TW、1455.TW。,2026-10-08
化學工業,42,105512680.32072544,949997965.6967134,-1058675229.4269514,95583138.77470207,1121914.762184143,8807626.783839226,1064056112.5336866,-107320614.02736282,-6737532.809610367,-1367615535.3532171,161223620.38524246,147716685.54102325,678665473277.1437,0.010114712522615976,0.06354803423548679,0.10962249205757149,0.5238095238095238,0.5,0.47619047619047616,0.00015547082395576308,0.0013998030003049336,-0.0015599367746156505,1.6531189611969425e-06,-0.00015813477810965162,0.0002375597797936072,0.47619047619047616,57.80487804878048,早期轉入,4770.TW、4720.TW、1773.TW,外資,-1367615535.3532171,1214666773.0534513,0.2567352779700658,列入觀察，等待中期流量或價格確認,外資主導淨流出（20日 -13.7億）；近5日相較20日均速加速；流入廣度 48%；前三大帶動標的占絕對流量 26%；價格已確認（20日 +11.0%）。主要標的：4770.TW、4720.TW、1773.TW。,2026-10-08
橡膠工業,11,86062385.7089777,208878380.78498077,-56898535.86862564,80668742.00016308,-2943950.0370025635,8337593.745817184,191513760.0979824,-14791667.24356842,32156287.930566788,-193427919.89355946,59595646.73724556,76933737.28768826,217654880704.48602,0.007266711201381156,0.01997631518593128,0.020202346723751267,0.7272727272727273,0.5454545454545454,0.2727272727272727,0.0003954075618723485,0.0009596769900537114,-0.00026141631046573135,-1.352577083258527e-05,-6.795927201674533e-05,0.00027380799614670553,0.2727272727272727,55.853658536585364,早期轉入,2103.TW、2104.TW、2108.TW,外資,-193427919.89355946,223103014.75213718,0.7307486504801128,列入觀察，等待中期流量或價格確認,外資主導淨流出（20日 -1.9億）；近5日相較20日均速加速；流入廣度 27%；前三大帶動標的占絕對流量 73%；價格已確認（20日 +2.0%）。主要標的：2103.TW、2104.TW、2108.TW。,2026-10-08
數位雲端,39,125567692.28839874,161788610.70670128,76007442.60369396,129043924.85446167,155786.0,-3632018.5660629272,207622938.63849068,-538081.0,-45296246.9317894,323461248.09158516,-1806672.5370788574,-245647132.95081234,284777760664.83014,0.00048094837325185204,-0.00878900696349258,0.02666485314000275,0.46153846153846156,0.5641025641025641,0.5128205128205128,0.00044093222727523986,0.000568122350316248,0.0002669009069607479,5.470441218313838e-07,-1.8894768985605435e-06,-6.344148970274491e-06,0.5128205128205128,51.707317073170735,資金累積＋價格確認,6811.TWO、6763.TWO、6870.TWO,外資,323461248.09158516,142786750.0557778,0.44057156506508327,優先研究領先股，分批而非追價,外資主導淨流入（20日 +3.2億）；近5日相較20日均速加速；流入廣度 51%；前三大帶動標的占絕對流量 44%；價格已確認（20日 +2.7%）。主要標的：6811.TWO、6763.TWO、6870.TWO。,2026-10-08
貿易百貨,18,197004976.25734997,167995203.9346838,175405187.93352413,192606207.49542713,4473000.0,-74231.2380771637,322909961.75580883,-162449499.3915558,7534741.570430756,110712866.85301208,18958461.039123535,45733860.04138851,377107322050.9086,0.007919159988422322,0.006456660147017617,0.020475779253827882,0.3888888888888889,0.3888888888888889,0.3888888888888889,0.0005224109019839046,0.00044548380291593707,0.0004651333391767048,1.1861344870403113e-05,-0.000430777897676634,5.0273383545080534e-05,0.3888888888888889,51.707317073170735,資金累積＋價格確認,2912.TW、2915.TW、5906.TW,外資,110712866.85301208,124143906.95130277,0.8418179531141557,優先研究領先股，分批而非追價,外資主導淨流入（20日 +1.1億）；近5日相較20日均速加速；流入廣度 39%；前三大帶動標的占絕對流量 84%；價格已確認（20日 +2.0%）。主要標的：2912.TW、2915.TW、5906.TW。,2026-10-08
其他／未分類,9,-61707019.09657669,138837881.47552967,39812138.10424566,-61856307.769441605,0.0,149288.67286491394,127530134.12020206,0.0,11307747.355327606,27928638.55415535,0.0,11883499.550090313,261442586649.64362,0.009753677492634264,0.03896554909128867,0.04133533209038583,0.2222222222222222,0.4444444444444444,0.3333333333333333,-0.00023602512462619413,0.0005310453941521961,0.00015227870338353666,0.0,0.0,0.0,0.3333333333333333,51.21951219512194,資金累積＋價格確認,9105.TW、910861.TW、9110.TW,外資,27928638.55415535,128884846.94946826,0.9535937020337719,優先研究領先股，分批而非追價,外資主導淨流入（20日 +0.3億）；近5日相較20日均速加速；流入廣度 33%；前三大帶動標的占絕對流量 95%；價格已確認（20日 +4.1%）。主要標的：9105.TW、910861.TW、9110.TW。,2026-10-08
觀光餐旅,49,113751828.5653553,157548529.6284895,146545383.92683315,114479681.6153717,-185555.0,-542298.0500164032,188203440.0999031,-24424653.0,-6230257.471413612,280230640.20491695,-70857037.0,-62828219.2780838,208909454310.42535,0.0029782963108309418,0.002137968989600931,-0.004242477483542483,0.4489795918367347,0.4897959183673469,0.46938775510204084,0.0005445030189793505,0.000754147437455765,0.0007014779891630783,-8.88207767391311e-07,-0.00011691501986169862,-0.00033917582731660974,0.46938775510204084,50.731707317073166,資金累積、價格未確認,2753.TW、2731.TW、7723.TWO,外資,280230640.20491695,120912183.6467812,0.6632189919790644,等待價格轉強與流入廣度擴大,外資主導淨流入（20日 +2.8億）；近5日相較20日均速加速；流入廣度 47%；前三大帶動標的占絕對流量 66%；價格尚未確認（20日 -0.4%）。主要標的：2753.TW、2731.TW、7723.TWO。,2026-10-08
資訊服務業,45,117226423.37097454,-116678376.17782879,634935465.5528812,123691683.37430859,1152000.0,-7617260.003334045,-132943071.63462925,9976361.0,6288334.456800461,648165863.0526152,-29410382.000030518,16179984.500296593,243904147786.09903,0.0006211477195207242,0.0010481756105410911,0.06882388004654565,0.3333333333333333,0.26666666666666666,0.4888888888888889,0.00048062496859947084,-0.00047837799084972637,0.002603217170827746,4.723166909856285e-06,4.090279353817774e-05,-0.00012058172141386897,0.4888888888888889,50.487804878048784,漲勢仍在、資金減速,2453.TW、2427.TW、6214.TW,外資,648165863.0526152,-275412242.5660491,0.6934306663742353,不追價，提高停利或降低權重,外資主導淨流入（20日 +6.5億）；近5日相較20日均速減速；流入廣度 49%；前三大帶動標的占絕對流量 69%；價格已確認（20日 +6.9%）。主要標的：2453.TW、2427.TW、6214.TW。,2026-10-08
生技醫療,156,-207037292.15167618,-186983228.00523472,-7315263812.855656,-201320764.46367455,19825211.996154785,-25541739.684156418,-153256665.18208218,37021018.897613525,-70747581.72076607,-17260137180.22783,10083865251.93343,-138991884.56125832,1742408711385.695,0.00788268561231457,0.00447700557575561,0.017642778408327453,0.46794871794871795,0.44871794871794873,0.4551282051282051,-0.00011882246157219019,-0.00010731306999523179,-0.004198362740644246,1.1378049172164824e-05,2.12470350129113e-05,0.005787313381780546,0.4551282051282051,44.87804878048781,資金撤出,6491.TW、4105.TWO、4167.TWO,外資,-17260137180.22783,1641832725.2086792,0.6054816930302432,排除逆勢加碼，檢查既有部位風險,外資主導淨流出（20日 -172.6億）；近5日相較20日均速加速；流入廣度 46%；前三大帶動標的占絕對流量 61%；價格已確認（20日 +1.8%）。主要標的：6491.TW、4105.TWO、4167.TWO。,2026-10-08
汽車工業,44,-12789937.16506195,-116635933.46015835,-264663689.4193926,-4980949.00431633,1819693.5973968506,-9628681.758142471,-242844137.6470089,97625650.72317505,28582553.4636755,-391285881.7779951,114294865.5820427,12327326.77655983,730347422170.9626,-0.00622700591523567,-0.0019555141497411806,0.02441285771024084,0.4318181818181818,0.5454545454545454,0.5681818181818182,-1.751212748453849e-05,-0.00015969924712468656,-0.0003623805347771037,2.4915451772086755e-06,0.00013367015171078736,0.00015649383035035632,0.5681818181818182,43.17073170731708,資金撤出,2241.TW、1319.TW、2236.TW,外資,-391285881.7779951,-50470011.1053102,0.570147499321822,排除逆勢加碼，檢查既有部位風險,外資主導淨流出（20日 -3.9億）；近5日相較20日均速減速；流入廣度 57%；前三大帶動標的占絕對流量 57%；價格已確認（20日 +2.4%）。主要標的：2241.TW、1319.TW、2236.TW。,2026-10-08
農業科技,4,528562.9598331451,-1454225.315984726,1340060.9342746735,524850.0099182129,0.0,3712.949914932251,-1496799.9668121338,0.0,42574.65082740784,1036420.0263977051,0.0,303640.9078769684,7133586116.757599,0.026656067748774465,0.0488476625883191,0.028884978570024505,0.5,0.5,0.25,7.409498549284926e-05,-0.00020385613801851871,0.00018785235256734605,0.0,0.0,0.0,0.25,43.170731707317074,漲勢仍在、資金減速,6508.TWO、1240.TWO、6578.TWO,外資,1036420.0263977051,-1789240.5495533943,0.9636749973190774,不追價，提高停利或降低權重,外資主導淨流入（20日 +0.0億）；近5日相較20日均速減速；流入廣度 25%；前三大帶動標的占絕對流量 96%；價格已確認（20日 +2.9%）。主要標的：6508.TWO、1240.TWO、6578.TWO。,2026-10-08
居家生活,33,-56604395.640743256,18634913.654527664,-230090856.25359535,-67501000.54460144,8149866.50384903,2746738.4000091553,-39086652.18373299,52904960.59202576,4816605.246234894,-438161396.0849304,197026465.20469284,11044074.626642227,303455448658.1762,0.004191067162552461,0.0030886393185412344,-0.01890412081970607,0.2727272727272727,0.45454545454545453,0.5151515151515151,-0.00018653280371480364,6.140905934273977e-05,-0.0007582360352104881,2.685687978214341e-05,0.00017434177183491578,0.0006492764129822265,0.5151515151515151,42.92682926829268,早期轉入,8066.TWO、3557.TW、6728.TWO,外資,-438161396.0849304,76157627.7179265,0.8837063531058884,列入觀察，等待中期流量或價格確認,外資主導淨流出（20日 -4.4億）；近5日相較20日均速加速；流入廣度 52%；前三大帶動標的占絕對流量 88%；價格尚未確認（20日 -1.9%）。主要標的：8066.TWO、3557.TW、6728.TWO。,2026-10-08
綠能環保,45,-438811495.8857994,549424452.477869,-1489300721.2163258,-467787779.22972107,-124449.99885559082,29100733.342777252,438465118.8573427,7202750.017166138,103756583.60336018,-1569813503.5046797,-20956048.74572754,101468831.03408146,474043597282.945,0.0030458333343376257,0.01144100319011289,0.0006718435634106889,0.4,0.5333333333333333,0.4888888888888889,-0.0009256775081467529,0.0011590167141313187,-0.003141695678947012,-2.625285935067902e-07,1.5194277611700328e-05,-4.420700725806742e-05,0.4888888888888889,41.707317073170735,早期轉入,6944.TW、4924.TWO、5432.TWO,外資,-1569813503.5046797,921749632.7819505,0.790310783316199,列入觀察，等待中期流量或價格確認,外資主導淨流出（20日 -15.7億）；近5日相較20日均速加速；流入廣度 49%；前三大帶動標的占絕對流量 79%；價格已確認（20日 +0.1%）。主要標的：6944.TW、4924.TWO、5432.TWO。,2026-10-08
食品工業,33,581431641.5667105,129591723.7121439,-779343612.2820101,410721611.0347166,145117109.8868103,25592920.645183563,-50606291.24594784,79764212.842453,100433802.11563873,-1060852809.2756948,29365185.06301117,252144011.9306736,789008403925.437,0.0029089904394763513,2.0628632787733636e-05,-0.01807309558484374,0.45454545454545453,0.24242424242424243,0.3939393939393939,0.0007369143835148009,0.0001642463160942334,-0.0009877507114051725,0.00018392340203834406,0.00010109425000496052,3.7217835598347114e-05,0.3939393939393939,37.80487804878049,早期轉入,1702.TW、1218.TW、1216.TW,外資,-1060852809.2756948,324427626.7826464,0.543343126114181,列入觀察，等待中期流量或價格確認,外資主導淨流出（20日 -10.6億）；近5日相較20日均速加速；流入廣度 39%；前三大帶動標的占絕對流量 54%；價格尚未確認（20日 -1.8%）。主要標的：1702.TW、1218.TW、1216.TW。,2026-10-08
運動休閒,26,233505045.47833633,-82171344.61077118,-854097153.3518286,231184387.98351288,422311.7985839844,1898345.6962394714,-76596099.56907272,-32703180.659244537,27127935.61754608,-1110587704.640195,302499010.29732895,-46008459.00896263,436676628978.1293,-0.0030011630097984132,-0.0034748940135744598,-0.020213790322382366,0.4230769230769231,0.6538461538461539,0.5384615384615384,0.0005347321793354582,-0.0001881743586851924,-0.001955903056571882,9.671041923453514e-07,-7.489107153678806e-05,0.000692730020851378,0.5384615384615384,37.073170731707314,資金撤出,6670.TW、8924.TWO、8938.TWO,外資,-1110587704.640195,131352943.72718596,0.6136897709718605,排除逆勢加碼，檢查既有部位風險,外資主導淨流出（20日 -11.1億）；近5日相較20日均速加速；流入廣度 54%；前三大帶動標的占絕對流量 61%；價格尚未確認（20日 -2.0%）。主要標的：6670.TW、8924.TWO、8938.TWO。,2026-10-08
半導體業,207,-52021243030.99109,-91716917844.30527,-14813338589.440712,-49877332878.33305,-2053681254.133789,-90228898.52425385,-64555300036.697296,-37478212713.8552,10316594906.24722,-17766614868.974075,-42968491944.723206,45921768224.25658,95142245757353.03,-0.007760570448329855,0.0012884299644348475,0.07726617093731884,0.2946859903381642,0.45410628019323673,0.5120772946859904,-0.0005467733351981619,-0.0009639978236189254,-0.00015569675144330792,-2.158537711387868e-05,-0.00039391767994880145,-0.0004516236883277732,0.5120772946859904,36.585365853658544,資金撤出,3105.TWO、6257.TW、8150.TW,自營商,45921768224.25658,-88013583196.94508,0.2912707244446332,排除逆勢加碼，檢查既有部位風險,自營商主導淨流入（20日 +459.2億）；近5日相較20日均速減速；流入廣度 51%；前三大帶動標的占絕對流量 29%；價格已確認（20日 +7.7%）。主要標的：3105.TWO、6257.TW、8150.TW。,2026-10-08
造紙工業,7,12708088.811294556,16825916.80328369,-64964590.62162304,13771098.880122185,199150.00534057617,-1262160.0741682053,36187527.891114235,-16233949.769973755,-3127661.3178567886,-20478906.806218147,-42226537.96937752,-2259145.8460273743,126515782288.92021,0.00021134089971811383,0.004852098970984153,-0.020373207690417932,0.8571428571428571,0.42857142857142855,0.2857142857142857,0.0001004466682447055,0.00013299460746216517,-0.0005134900124418106,1.574111954552701e-06,-0.00012831560992841812,-0.00033376498335161114,0.2857142857142857,34.63414634146342,早期轉入,1904.TW、1903.TW、6790.TW,投信,-42226537.96937752,33067064.45868945,0.8346419717451206,列入觀察，等待中期流量或價格確認,投信主導淨流出（20日 -0.4億）；近5日相較20日均速加速；流入廣度 29%；前三大帶動標的占絕對流量 83%；價格尚未確認（20日 -2.0%）。主要標的：1904.TW、1903.TW、6790.TW。,2026-10-08
光電業,116,-5569525407.256151,-20569266438.994087,-24280574529.435547,-5696851745.868984,454204392.72605896,-326878054.11322594,-23555111438.35833,2712990395.6580315,272854603.7062111,-33952915052.903122,6022004201.3625555,3650336322.1050224,2967749744559.9395,-0.0033870484667153098,0.012543612562024745,0.09497984389107125,0.31896551724137934,0.5,0.5172413793103449,-0.001876682970814982,-0.006930930236519695,-0.008181476411191097,0.00015304672961682244,0.0009141574017927567,0.0020291482502529886,0.5172413793103449,32.6829268292683,資金撤出,6209.TW、4956.TW、3714.TW,外資,-33952915052.903122,-14499122806.6352,0.5643613332877562,排除逆勢加碼，檢查既有部位風險,外資主導淨流出（20日 -339.5億）；近5日相較20日均速減速；流入廣度 52%；前三大帶動標的占絕對流量 56%；價格已確認（20日 +9.5%）。主要標的：6209.TW、4956.TW、3714.TW。,2026-10-08
建材營造,88,273798361.1197934,-284374555.2110758,-2120445713.961111,282144258.32295465,-13778820.095988274,5432922.892827034,4015645.6168870926,-260183149.4890833,-28207051.338879585,-2358919256.4762774,412630337.7845621,-174156795.26939583,949601026954.4296,0.0016260737302595503,-0.005642621968470173,-0.01857062302012831,0.5,0.3409090909090909,0.2840909090909091,0.00028832989155237374,-0.0002994674048775251,-0.0022329859106848555,-1.4510114990271072e-05,-0.00027399206835690296,0.0004345302143448123,0.2840909090909091,32.68292682926829,資金撤出,2527.TW、5521.TW、2540.TW,外資,-2358919256.4762774,245736873.27920198,0.37186133696724066,排除逆勢加碼，檢查既有部位風險,外資主導淨流出（20日 -23.6億）；近5日相較20日均速加速；流入廣度 28%；前三大帶動標的占絕對流量 37%；價格尚未確認（20日 -1.9%）。主要標的：2527.TW、5521.TW、2540.TW。,2026-10-08
其他,93,-270747691.72438145,-685803776.4822001,-4061141337.478869,-296240467.18733025,-11272299.915251732,36765075.37820053,-387982148.74902344,-329720452.49838257,31898824.76520586,-4075573029.1581097,65161571.25202179,-50729879.572781086,953041566598.677,0.0020886892022383948,0.0077526267796295375,0.03244029032706816,0.3978494623655914,0.40860215053763443,0.45161290322580644,-0.0002840880200961817,-0.0007195948220073701,-0.004261242615023321,-1.1827710679484417e-05,-0.00034596649721703785,6.837222376834812e-05,0.45161290322580644,29.024390243902438,資金撤出,5209.TWO、9945.TW、6199.TWO,外資,-4075573029.1581097,329481557.8875171,0.6814184430772908,排除逆勢加碼，檢查既有部位風險,外資主導淨流出（20日 -40.8億）；近5日相較20日均速加速；流入廣度 45%；前三大帶動標的占絕對流量 68%；價格已確認（20日 +3.2%）。主要標的：5209.TWO、9945.TW、6199.TWO。,2026-10-08
其他電子業,93,-7184015875.805826,-12481108176.910189,-9656246069.24324,-6369951035.956892,-582508447.1088886,-231556392.74004555,-874302798.3690262,-11289840353.422674,-316965025.11848927,-9336516680.141932,-1775389000.2819462,1455659611.1806383,7068924455998.757,-0.003094109749214596,0.007251739309895878,0.06290146777843214,0.44086021505376344,0.5053763440860215,0.5483870967741935,-0.0010162813198137098,-0.0017656304370771145,-0.0013660134762154457,-8.24041126390262e-05,-0.0015971086441363804,-0.0002511540491531684,0.5483870967741935,28.78048780487805,資金撤出,8021.TW、2404.TW、3402.TWO,外資,-9336516680.141932,-10067046659.599379,0.5138041550165964,排除逆勢加碼，檢查既有部位風險,外資主導淨流出（20日 -93.4億）；近5日相較20日均速減速；流入廣度 55%；前三大帶動標的占絕對流量 51%；價格已確認（20日 +6.3%）。主要標的：8021.TW、2404.TW、3402.TWO。,2026-10-08
海外股票 ETF,98,18475685.951407433,-229284567.73254776,-10464423848.495115,74200906.65974617,-2435520.0805664062,-53289700.62777233,504680214.3818693,48318299.70550537,-782283081.8199224,4202487824.886499,330068689.2337799,-14996980362.615395,668640415297.0698,-8.509236241538885e-06,0.004735977041788867,0.012105689922665459,0.5408163265306123,0.5408163265306123,0.6428571428571429,2.7631721817471774e-05,-0.00034291161958955034,-0.01565030113210534,-3.6424960634249586e-06,7.226350456850274e-05,0.000493641547358656,0.6428571428571429,27.073170731707318,資金撤出,00965.TW、00911.TW、009820.TW,自營商,-14996980362.615395,2386821394.391231,0.48341120666326237,排除逆勢加碼，檢查既有部位風險,自營商主導淨流出（20日 -150.0億）；近5日相較20日均速加速；流入廣度 64%；前三大帶動標的占絕對流量 48%；價格已確認（20日 +1.2%）。主要標的：00965.TW、00911.TW、009820.TW。,2026-10-08
台灣股票 ETF,71,-20328139685.960308,-42454952936.543236,-153982407666.45743,-8834754039.470303,3144460.006713867,-11496530106.49672,-14362231421.301357,434097352.0832062,-28526818867.32508,-58767702685.32204,3663961652.610779,-98878666633.74617,6964395069185.302,-0.0005917024362436553,0.01804856158117874,0.040136613373099275,0.28169014084507044,0.5070422535211268,0.5211267605633803,-0.002918866532414897,-0.00609600008540435,-0.022109947258415707,4.5150511644964846e-07,6.233094874297346e-05,0.0005260990532863885,0.5211267605633803,23.65853658536585,資金撤出,00923.TW、00733.TW、00928.TWO,自營商,-98878666633.74617,-3959351019.928879,0.5914383097377748,排除逆勢加碼，檢查既有部位風險,自營商主導淨流出（20日 -988.8億）；近5日相較20日均速減速；流入廣度 52%；前三大帶動標的占絕對流量 59%；價格已確認（20日 +4.0%）。主要標的：00923.TW、00733.TW、00928.TWO。,2026-10-08
債券 ETF,112,-198787219.73419905,-4793239860.165485,-11905604683.81532,462118727.0986414,0.0,-660905946.8328404,2683894109.0266314,111550878.16238403,-7588684847.3545,2695639479.699939,478713324.42855835,-15079957487.943815,2754126757870.792,0.0012473283639343102,-0.005336099278033923,-0.029997162804904977,0.4642857142857143,0.33035714285714285,0.375,-7.21779486605333e-05,-0.0017403846233537655,-0.004322823795161668,0.0,4.050317504217697e-05,0.00017381673630688312,0.375,20.487804878048777,資金撤出,00958B.TWO、00982D.TW、00981D.TWO,自營商,-15079957487.943815,-1816838689.2116556,0.345316795035387,排除逆勢加碼，檢查既有部位風險,自營商主導淨流出（20日 -150.8億）；近5日相較20日均速減速；流入廣度 38%；前三大帶動標的占絕對流量 35%；價格尚未確認（20日 -3.0%）。主要標的：00958B.TWO、00982D.TW、00981D.TWO。,2026-10-08
通信網路業,91,-154667555.40521145,-4575340897.473063,-26771962178.181973,-452728059.649106,485928939.50076294,-187868435.25686836,-3046054630.360409,-2464037759.6462097,934751492.533555,-4045687327.407833,-24108989068.77576,1382714218.0016203,4704595165752.865,-0.002562170527945467,0.027425730056030176,0.05898403134867989,0.34065934065934067,0.42857142857142855,0.5164835164835165,-3.2875847964797276e-05,-0.0009725259530892883,-0.00569059849677793,0.00010328815177086568,-0.000523751284187679,-0.0051245618845756,0.5164835164835165,18.53658536585366,資金撤出,6152.TW、3491.TWO、6245.TWO,投信,-24108989068.77576,2117649647.0724297,0.6066291971029235,排除逆勢加碼，檢查既有部位風險,投信主導淨流出（20日 -241.1億）；近5日相較20日均速加速；流入廣度 52%；前三大帶動標的占絕對流量 61%；價格已確認（20日 +5.9%）。主要標的：6152.TW、3491.TWO、6245.TWO。,2026-10-08
電腦及週邊設備,109,-3735040267.0913744,-14197171181.730644,-49254059347.693886,-3677618600.8047705,-378219769.85569763,320798103.5690937,-12495921402.182673,-2503271546.2959595,802021766.7479877,-41340698825.18253,-9817030472.927927,1903669950.4165716,9110734219734.754,-0.0019467521971663164,-0.007973712710842181,0.027963962103744047,0.3302752293577982,0.3761467889908257,0.5045871559633027,-0.000409960402422991,-0.001558290565756837,-0.005406156974813809,-4.1513643218395735e-05,-0.0002747606818420435,-0.0010775235273204728,0.5045871559633027,17.073170731707314,資金撤出,3479.TWO、2377.TW、3211.TWO,外資,-41340698825.18253,-1883656344.8071728,0.49924221328289825,排除逆勢加碼，檢查既有部位風險,外資主導淨流出（20日 -413.4億）；近5日相較20日均速減速；流入廣度 50%；前三大帶動標的占絕對流量 50%；價格已確認（20日 +2.8%）。主要標的：3479.TWO、2377.TW、3211.TWO。,2026-10-08
商品／期貨 ETF,9,-50312467.48648167,-416256402.99871826,-4654215691.267561,4460599.315643311,0.0,-54773066.80212498,-32667898.27784729,1647599.9603271484,-385236104.6811981,-49240107.944654465,2374099.9755859375,-4607349683.298492,55984394076.972305,0.0,-0.001433896268180986,-0.025257126740624723,0.2222222222222222,0.3333333333333333,0.5555555555555556,-0.0008986873630767107,-0.0074352220803964066,-0.08313416208217835,0.0,2.9429629229564976e-05,4.24064601346192e-05,0.5555555555555556,9.512195121951219,資金撤出,00674R.TW、00693U.TW、00642U.TW,自營商,-4607349683.298492,747297519.818172,0.7917188117718124,排除逆勢加碼，檢查既有部位風險,自營商主導淨流出（20日 -46.1億）；近5日相較20日均速加速；流入廣度 56%；前三大帶動標的占絕對流量 79%；價格尚未確認（20日 -2.5%）。主要標的：00674R.TW、00693U.TW、00642U.TW。,2026-10-08
